base,wall,cavity_ratio,eff_base_refl
90,90,0.2,89
90,90,0.4,88
90,90,0.6,87
90,90,0.8,87
90,90,1,86
90,90,1.2,85
90,90,1.4,85
90,90,1.6,84
90,90,1.8,83
90,90,2,83
90,90,2.2,82
90,90,2.4,82
90,90,2.6,81
90,90,2.8,81
90,90,3,80
90,90,3.2,79
90,90,3.4,79
90,90,3.6,78
90,90,3.8,78
90,90,4,77
90,90,4.2,77
90,90,4.4,76
90,90,4.6,76
90,90,4.8,75
90,90,5,75
90,90,6,73
90,90,7,70
90,90,8,68
90,90,9,66
90,90,10,65
90,80,0.2,88
90,80,0.4,87
90,80,0.6,86
90,80,0.8,85
90,80,1,83
90,80,1.2,82
90,80,1.4,80
90,80,1.6,79
90,80,1.8,78
90,80,2,77
90,80,2.2,76
90,80,2.4,75
90,80,2.6,74
90,80,2.8,73
90,80,3,72
90,80,3.2,71
90,80,3.4,70
90,80,3.6,69
90,80,3.8,69
90,80,4,69
90,80,4.2,62
90,80,4.4,61
90,80,4.6,60
90,80,4.8,59
90,80,5,59
90,80,6,61
90,80,7,58
90,80,8,55
90,80,9,52
90,80,10,51
90,70,0.2,88
90,70,0.4,86
90,70,0.6,84
90,70,0.8,82
90,70,1,80
90,70,1.2,78
90,70,1.4,77
90,70,1.6,75
90,70,1.8,73
90,70,2,72
90,70,2.2,70
90,70,2.4,69
90,70,2.6,67
90,70,2.8,66
90,70,3,64
90,70,3.2,63
90,70,3.4,62
90,70,3.6,61
90,70,3.8,60
90,70,4,58
90,70,4.2,57
90,70,4.4,56
90,70,4.6,55
90,70,4.8,54
90,70,5,53
90,70,6,49
90,70,7,45
90,70,8,42
90,70,9,38
90,70,10,36
90,60,0.2,87
90,60,0.4,85
90,60,0.6,82
90,60,0.8,80
90,60,1,77
90,60,1.2,75
90,60,1.4,73
90,60,1.6,71
90,60,1.8,69
90,60,2,67
90,60,2.2,65
90,60,2.4,64
90,60,2.6,62
90,60,2.8,60
90,60,3,58
90,60,3.2,56
90,60,3.4,54
90,60,3.6,53
90,60,3.8,51
90,60,4,51
90,60,4.2,50
90,60,4.4,49
90,60,4.6,47
90,60,4.8,46
90,60,5,45
90,60,6,41
90,60,7,38
90,60,8,35
90,60,9,31
90,60,10,29
90,50,0.2,86
90,50,0.4,84
90,50,0.6,80
90,50,0.8,77
90,50,1,75
90,50,1.2,72
90,50,1.4,69
90,50,1.6,67
90,50,1.8,64
90,50,2,62
90,50,2.2,59
90,50,2.4,58
90,50,2.6,56
90,50,2.8,54
90,50,3,52
90,50,3.2,50
90,50,3.4,48
90,50,3.6,47
90,50,3.8,45
90,50,4,44
90,50,4.2,43
90,50,4.4,42
90,50,4.6,40
90,50,4.8,39
90,50,5,38
90,50,6,34
90,50,7,30
90,50,8,27
90,50,9,25
90,50,10,22
90,40,0.2,85
90,40,0.4,83
90,40,0.6,79
90,40,0.8,75
90,40,1,72
90,40,1.2,69
90,40,1.4,65
90,40,1.6,63
90,40,1.8,60
90,40,2,56
90,40,2.2,54
90,40,2.4,53
90,40,2.6,51
90,40,2.8,49
90,40,3,47
90,40,3.2,45
90,40,3.4,43
90,40,3.6,42
90,40,3.8,40
90,40,4,39
90,40,4.2,37
90,40,4.4,36
90,40,4.6,35
90,40,4.8,34
90,40,5,33
90,40,6,29
90,40,7,27
90,40,8,23
90,40,9,21
90,40,10,19
90,30,0.2,85
90,30,0.4,81
90,30,0.6,77
90,30,0.8,73
90,30,1,69
90,30,1.2,66
90,30,1.4,62
90,30,1.6,59
90,30,1.8,56
90,30,2,53
90,30,2.2,50
90,30,2.4,48
90,30,2.6,46
90,30,2.8,44
90,30,3,42
90,30,3.2,40
90,30,3.4,38
90,30,3.6,36
90,30,3.8,35
90,30,4,33
90,30,4.2,32
90,30,4.4,31
90,30,4.6,30
90,30,4.8,28
90,30,5,28
90,30,6,24
90,30,7,21
90,30,8,18
90,30,9,16
90,30,10,15
90,20,0.2,84
90,20,0.4,80
90,20,0.6,76
90,20,0.8,71
90,20,1,66
90,20,1.2,63
90,20,1.4,59
90,20,1.6,56
90,20,1.8,53
90,20,2,50
90,20,2.2,47
90,20,2.4,45
90,20,2.6,42
90,20,2.8,40
90,20,3,38
90,20,3.2,36
90,20,3.4,34
90,20,3.6,32
90,20,3.8,31
90,20,4,29
90,20,4.2,28
90,20,4.4,27
90,20,4.6,26
90,20,4.8,25
90,20,5,24
90,20,6,20
90,20,7,18
90,20,8,15
90,20,9,14
90,20,10,11
90,10,0.2,84
90,10,0.4,79
90,10,0.6,74
90,10,0.8,69
90,10,1,64
90,10,1.2,60
90,10,1.4,57
90,10,1.6,53
90,10,1.8,50
90,10,2,47
90,10,2.2,44
90,10,2.4,41
90,10,2.6,38
90,10,2.8,36
90,10,3,34
90,10,3.2,32
90,10,3.4,30
90,10,3.6,28
90,10,3.8,27
90,10,4,25
90,10,4.2,24
90,10,4.4,23
90,10,4.6,22
90,10,4.8,21
90,10,5,20
90,10,6,16
90,10,7,14
90,10,8,12
90,10,9,11
90,10,10,9
90,0,0.2,82
90,0,0.4,76
90,0,0.6,73
90,0,0.8,67
90,0,1,62
90,0,1.2,57
90,0,1.4,52
90,0,1.6,50
90,0,1.8,48
90,0,2,43
90,0,2.2,40
90,0,2.4,37
90,0,2.6,35
90,0,2.8,34
90,0,3,30
90,0,3.2,28
90,0,3.4,27
90,0,3.6,25
90,0,3.8,23
90,0,4,22
90,0,4.2,21
90,0,4.4,20
90,0,4.6,19
90,0,4.8,18
90,0,5,16
90,0,6,11
90,0,7,8
90,0,8,6
90,0,9,5
90,0,10,4
80,90,0.2,79
80,90,0.4,79
80,90,0.6,78
80,90,0.8,78
80,90,1,77
80,90,1.2,76
80,90,1.4,76
80,90,1.6,75
80,90,1.8,75
80,90,2,74
80,90,2.2,74
80,90,2.4,73
80,90,2.6,73
80,90,2.8,73
80,90,3,72
80,90,3.2,72
80,90,3.4,71
80,90,3.6,71
80,90,3.8,70
80,90,4,70
80,90,4.2,69
80,90,4.4,69
80,90,4.6,69
80,90,4.8,68
80,90,5,68
80,90,6,66
80,90,7,64
80,90,8,62
80,90,9,61
80,90,10,59
80,80,0.2,78
80,80,0.4,77
80,80,0.6,76
80,80,0.8,75
80,80,1,74
80,80,1.2,73
80,80,1.4,72
80,80,1.6,71
80,80,1.8,70
80,80,2,69
80,80,2.2,68
80,80,2.4,67
80,80,2.6,66
80,80,2.8,65
80,80,3,65
80,80,3.2,65
80,80,3.4,64
80,80,3.6,63
80,80,3.8,62
80,80,4,61
80,80,4.2,60
80,80,4.4,60
80,80,4.6,59
80,80,4.8,58
80,80,5,58
80,80,6,55
80,80,7,53
80,80,8,50
80,80,9,49
80,80,10,46
80,70,0.2,78
80,70,0.4,76
80,70,0.6,75
80,70,0.8,73
80,70,1,72
80,70,1.2,70
80,70,1.4,68
80,70,1.6,67
80,70,1.8,66
80,70,2,64
80,70,2.2,63
80,70,2.4,61
80,70,2.6,60
80,70,2.8,59
80,70,3,58
80,70,3.2,57
80,70,3.4,56
80,70,3.6,54
80,70,3.8,56
80,70,4,53
80,70,4.2,52
80,70,4.4,51
80,70,4.6,50
80,70,4.8,49
80,70,5,48
80,70,6,44
80,70,7,41
80,70,8,38
80,70,9,36
80,70,10,33
80,60,0.2,77
80,60,0.4,75
80,60,0.6,73
80,60,0.8,71
80,60,1,69
80,60,1.2,67
80,60,1.4,65
80,60,1.6,63
80,60,1.8,62
80,60,2,60
80,60,2.2,58
80,60,2.4,56
80,60,2.6,55
80,60,2.8,53
80,60,3,52
80,60,3.2,51
80,60,3.4,49
80,60,3.6,48
80,60,3.8,47
80,60,4,46
80,60,4.2,45
80,60,4.4,44
80,60,4.6,43
80,60,4.8,42
80,60,5,41
80,60,6,38
80,60,7,35
80,60,8,32
80,60,9,30
80,60,10,27
80,50,0.2,77
80,50,0.4,74
80,50,0.6,71
80,50,0.8,69
80,50,1,67
80,50,1.2,64
80,50,1.4,62
80,50,1.6,60
80,50,1.8,58
80,50,2,56
80,50,2.2,54
80,50,2.4,52
80,50,2.6,50
80,50,2.8,48
80,50,3,47
80,50,3.2,45
80,50,3.4,44
80,50,3.6,43
80,50,3.8,41
80,50,4,40
80,50,4.2,39
80,50,4.4,38
80,50,4.6,37
80,50,4.8,36
80,50,5,35
80,50,6,31
80,50,7,28
80,50,8,25
80,50,9,23
80,50,10,21
80,40,0.2,76
80,40,0.4,73
80,40,0.6,70
80,40,0.8,67
80,40,1,65
80,40,1.2,61
80,40,1.4,59
80,40,1.6,57
80,40,1.8,54
80,40,2,52
80,40,2.2,49
80,40,2.4,47
80,40,2.6,45
80,40,2.8,43
80,40,3,42
80,40,3.2,40
80,40,3.4,39
80,40,3.6,38
80,40,3.8,36
80,40,4,35
80,40,4.2,34
80,40,4.4,33
80,40,4.6,32
80,40,4.8,31
80,40,5,30
80,40,6,27
80,40,7,24
80,40,8,21
80,40,9,19
80,40,10,18
80,30,0.2,76
80,30,0.4,72
80,30,0.6,68
80,30,0.8,65
80,30,1,62
80,30,1.2,58
80,30,1.4,55
80,30,1.6,53
80,30,1.8,50
80,30,2,48
80,30,2.2,45
80,30,2.4,43
80,30,2.6,41
80,30,2.8,39
80,30,3,37
80,30,3.2,35
80,30,3.4,34
80,30,3.6,32
80,30,3.8,31
80,30,4,30
80,30,4.2,29
80,30,4.4,28
80,30,4.6,27
80,30,4.8,26
80,30,5,25
80,30,6,22
80,30,7,19
80,30,8,17
80,30,9,15
80,30,10,14
80,20,0.2,75
80,20,0.4,71
80,20,0.6,66
80,20,0.8,63
80,20,1,60
80,20,1.2,55
80,20,1.4,53
80,20,1.6,50
80,20,1.8,47
80,20,2,45
80,20,2.2,42
80,20,2.4,40
80,20,2.6,38
80,20,2.8,36
80,20,3,34
80,20,3.2,33
80,20,3.4,32
80,20,3.6,30
80,20,3.8,28
80,20,4,26
80,20,4.2,25
80,20,4.4,24
80,20,4.6,23
80,20,4.8,22
80,20,5,21
80,20,6,19
80,20,7,16
80,20,8,14
80,20,9,13
80,20,10,11
80,10,0.2,74
80,10,0.4,70
80,10,0.6,65
80,10,0.8,61
80,10,1,57
80,10,1.2,53
80,10,1.4,50
80,10,1.6,47
80,10,1.8,44
80,10,2,41
80,10,2.2,38
80,10,2.4,36
80,10,2.6,34
80,10,2.8,32
80,10,3,30
80,10,3.2,28
80,10,3.4,27
80,10,3.6,25
80,10,3.8,24
80,10,4,22
80,10,4.2,21
80,10,4.4,20
80,10,4.6,19
80,10,4.8,18
80,10,5,18
80,10,6,15
80,10,7,12
80,10,8,11
80,10,9,10
80,10,10,8
80,0,0.2,72
80,0,0.4,68
80,0,0.6,63
80,0,0.8,57
80,0,1,55
80,0,1.2,51
80,0,1.4,48
80,0,1.6,44
80,0,1.8,41
80,0,2,38
80,0,2.2,35
80,0,2.4,33
80,0,2.6,31
80,0,2.8,29
80,0,3,27
80,0,3.2,25
80,0,3.4,24
80,0,3.6,23
80,0,3.8,22
80,0,4,20
80,0,4.2,18
80,0,4.4,17
80,0,4.6,15
80,0,4.8,14
80,0,5,14
80,0,6,10
80,0,7,7
80,0,8,5
80,0,9,4
80,0,10,3
70,90,0.2,70
70,90,0.4,69
70,90,0.6,69
70,90,0.8,68
70,90,1,68
70,90,1.2,67
70,90,1.4,67
70,90,1.6,67
70,90,1.8,66
70,90,2,66
70,90,2.2,66
70,90,2.4,65
70,90,2.6,65
70,90,2.8,65
70,90,3,64
70,90,3.2,64
70,90,3.4,64
70,90,3.6,63
70,90,3.8,63
70,90,4,63
70,90,4.2,62
70,90,4.4,62
70,90,4.6,62
70,90,4.8,62
70,90,5,61
70,90,6,60
70,90,7,58
70,90,8,57
70,90,9,56
70,90,10,55
70,80,0.2,69
70,80,0.4,68
70,80,0.6,67
70,80,0.8,66
70,80,1,65
70,80,1.2,64
70,80,1.4,63
70,80,1.6,62
70,80,1.8,61
70,80,2,60
70,80,2.2,60
70,80,2.4,60
70,80,2.6,59
70,80,2.8,59
70,80,3,58
70,80,3.2,58
70,80,3.4,57
70,80,3.6,56
70,80,3.8,56
70,80,4,55
70,80,4.2,55
70,80,4.4,54
70,80,4.6,53
70,80,4.8,53
70,80,5,52
70,80,6,51
70,80,7,48
70,80,8,46
70,80,9,45
70,80,10,43
70,70,0.2,68
70,70,0.4,67
70,70,0.6,65
70,70,0.8,64
70,70,1,62
70,70,1.2,61
70,70,1.4,60
70,70,1.6,59
70,70,1.8,58
70,70,2,56
70,70,2.2,55
70,70,2.4,54
70,70,2.6,54
70,70,2.8,53
70,70,3,52
70,70,3.2,51
70,70,3.4,50
70,70,3.6,49
70,70,3.8,49
70,70,4,48
70,70,4.2,47
70,70,4.4,46
70,70,4.6,45
70,70,4.8,45
70,70,5,44
70,70,6,41
70,70,7,38
70,70,8,35
70,70,9,33
70,70,10,31
70,60,0.2,68
70,60,0.4,66
70,60,0.6,64
70,60,0.8,62
70,60,1,60
70,60,1.2,59
70,60,1.4,58
70,60,1.6,56
70,60,1.8,54
70,60,2,52
70,60,2.2,51
70,60,2.4,50
70,60,2.6,49
70,60,2.8,48
70,60,3,47
70,60,3.2,46
70,60,3.4,45
70,60,3.6,44
70,60,3.8,43
70,60,4,42
70,60,4.2,41
70,60,4.4,40
70,60,4.6,39
70,60,4.8,38
70,60,5,36
70,60,6,35
70,60,7,32
70,60,8,29
70,60,9,27
70,60,10,25
70,50,0.2,67
70,50,0.4,65
70,50,0.6,63
70,50,0.8,60
70,50,1,58
70,50,1.2,57
70,50,1.4,55
70,50,1.6,53
70,50,1.8,51
70,50,2,49
70,50,2.2,48
70,50,2.4,46
70,50,2.6,45
70,50,2.8,43
70,50,3,42
70,50,3.2,40
70,50,3.4,39
70,50,3.6,38
70,50,3.8,37
70,50,4,36
70,50,4.2,35
70,50,4.4,34
70,50,4.6,33
70,50,4.8,32
70,50,5,31
70,50,6,28
70,50,7,26
70,50,8,23
70,50,9,21
70,50,10,19
70,40,0.2,67
70,40,0.4,64
70,40,0.6,61
70,40,0.8,58
70,40,1,55
70,40,1.2,54
70,40,1.4,51
70,40,1.6,47
70,40,1.8,46
70,40,2,45
70,40,2.2,43
70,40,2.4,41
70,40,2.6,40
70,40,2.8,38
70,40,3,37
70,40,3.2,36
70,40,3.4,35
70,40,3.6,33
70,40,3.8,32
70,40,4,31
70,40,4.2,30
70,40,4.4,29
70,40,4.6,28
70,40,4.8,27
70,40,5,26
70,40,6,24
70,40,7,22
70,40,8,19
70,40,9,18
70,40,10,16
70,30,0.2,66
70,30,0.4,63
70,30,0.6,59
70,30,0.8,56
70,30,1,53
70,30,1.2,50
70,30,1.4,47
70,30,1.6,45
70,30,1.8,42
70,30,2,40
70,30,2.2,38
70,30,2.4,37
70,30,2.6,35
70,30,2.8,33
70,30,3,32
70,30,3.2,31
70,30,3.4,29
70,30,3.6,28
70,30,3.8,27
70,30,4,26
70,30,4.2,25
70,30,4.4,24
70,30,4.6,24
70,30,4.8,23
70,30,5,22
70,30,6,19
70,30,7,17
70,30,8,15
70,30,9,14
70,30,10,12
70,20,0.2,66
70,20,0.4,62
70,20,0.6,58
70,20,0.8,55
70,20,1,52
70,20,1.2,48
70,20,1.4,45
70,20,1.6,43
70,20,1.8,40
70,20,2,38
70,20,2.2,36
70,20,2.4,35
70,20,2.6,33
70,20,2.8,30
70,20,3,29
70,20,3.2,28
70,20,3.4,27
70,20,3.6,25
70,20,3.8,24
70,20,4,23
70,20,4.2,22
70,20,4.4,21
70,20,4.6,21
70,20,4.8,20
70,20,5,19
70,20,6,16
70,20,7,14
70,20,8,13
70,20,9,12
70,20,10,10
70,10,0.2,65
70,10,0.4,61
70,10,0.6,57
70,10,0.8,53
70,10,1,50
70,10,1.2,46
70,10,1.4,44
70,10,1.6,41
70,10,1.8,38
70,10,2,36
70,10,2.2,34
70,10,2.4,32
70,10,2.6,30
70,10,2.8,28
70,10,3,27
70,10,3.2,25
70,10,3.4,24
70,10,3.6,22
70,10,3.8,21
70,10,4,20
70,10,4.2,19
70,10,4.4,18
70,10,4.6,17
70,10,4.8,16
70,10,5,16
70,10,6,13
70,10,7,11
70,10,8,10
70,10,9,9
70,10,10,8
70,0,0.2,64
70,0,0.4,58
70,0,0.6,54
70,0,0.8,50
70,0,1,47
70,0,1.2,44
70,0,1.4,41
70,0,1.6,38
70,0,1.8,35
70,0,2,33
70,0,2.2,32
70,0,2.4,30
70,0,2.6,28
70,0,2.8,26
70,0,3,24
70,0,3.2,23
70,0,3.4,22
70,0,3.6,20
70,0,3.8,19
70,0,4,17
70,0,4.2,16
70,0,4.4,15
70,0,4.6,14
70,0,4.8,13
70,0,5,12
70,0,6,9
70,0,7,6
70,0,8,5
70,0,9,4
70,0,10,3
60,90,0.2,60
60,90,0.4,60
60,90,0.6,60
60,90,0.8,59
60,90,1,59
60,90,1.2,59
60,90,1.4,59
60,90,1.6,59
60,90,1.8,58
60,90,2,58
60,90,2.2,58
60,90,2.4,58
60,90,2.6,58
60,90,2.8,58
60,90,3,57
60,90,3.2,57
60,90,3.4,57
60,90,3.6,57
60,90,3.8,57
60,90,4,57
60,90,4.2,56
60,90,4.4,56
60,90,4.6,56
60,90,4.8,56
60,90,5,56
60,90,6,55
60,90,7,54
60,90,8,53
60,90,9,52
60,90,10,51
60,80,0.2,59
60,80,0.4,59
60,80,0.6,58
60,80,0.8,57
60,80,1,57
60,80,1.2,56
60,80,1.4,56
60,80,1.6,55
60,80,1.8,55
60,80,2,54
60,80,2.2,53
60,80,2.4,53
60,80,2.6,53
60,80,2.8,53
60,80,3,52
60,80,3.2,51
60,80,3.4,51
60,80,3.6,50
60,80,3.8,50
60,80,4,49
60,80,4.2,49
60,80,4.4,49
60,80,4.6,49
60,80,4.8,48
60,80,5,48
60,80,6,45
60,80,7,43
60,80,8,42
60,80,9,40
60,80,10,39
60,70,0.2,59
60,70,0.4,59
60,70,0.6,57
60,70,0.8,56
60,70,1,55
60,70,1.2,54
60,70,1.4,53
60,70,1.6,52
60,70,1.8,51
60,70,2,50
60,70,2.2,49
60,70,2.4,48
60,70,2.6,48
60,70,2.8,47
60,70,3,46
60,70,3.2,45
60,70,3.4,45
60,70,3.6,44
60,70,3.8,43
60,70,4,42
60,70,4.2,42
60,70,4.4,42
60,70,4.6,41
60,70,4.8,41
60,70,5,40
60,70,6,37
60,70,7,35
60,70,8,33
60,70,9,31
60,70,10,29
60,60,0.2,59
60,60,0.4,58
60,60,0.6,56
60,60,0.8,55
60,60,1,53
60,60,1.2,51
60,60,1.4,49
60,60,1.6,48
60,60,1.8,47
60,60,2,46
60,60,2.2,45
60,60,2.4,44
60,60,2.6,43
60,60,2.8,43
60,60,3,42
60,60,3.2,41
60,60,3.4,40
60,60,3.6,39
60,60,3.8,38
60,60,4,37
60,60,4.2,37
60,60,4.4,36
60,60,4.6,35
60,60,4.8,34
60,60,5,34
60,60,6,31
60,60,7,30
60,60,8,28
60,60,9,26
60,60,10,24
60,50,0.2,58
60,50,0.4,57
60,50,0.6,55
60,50,0.8,54
60,50,1,51
60,50,1.2,49
60,50,1.4,47
60,50,1.6,45
60,50,1.8,44
60,50,2,43
60,50,2.2,42
60,50,2.4,41
60,50,2.6,39
60,50,2.8,38
60,50,3,37
60,50,3.2,36
60,50,3.4,35
60,50,3.6,34
60,50,3.8,33
60,50,4,32
60,50,4.2,32
60,50,4.4,31
60,50,4.6,30
60,50,4.8,29
60,50,5,28
60,50,6,25
60,50,7,24
60,50,8,22
60,50,9,20
60,50,10,18
60,40,0.2,57
60,40,0.4,55
60,40,0.6,53
60,40,0.8,51
60,40,1,48
60,40,1.2,46
60,40,1.4,44
60,40,1.6,42
60,40,1.8,40
60,40,2,39
60,40,2.2,37
60,40,2.4,36
60,40,2.6,35
60,40,2.8,34
60,40,3,32
60,40,3.2,31
60,40,3.4,30
60,40,3.6,29
60,40,3.8,29
60,40,4,28
60,40,4.2,27
60,40,4.4,27
60,40,4.6,26
60,40,4.8,25
60,40,5,24
60,40,6,21
60,40,7,20
60,40,8,18
60,40,9,16
60,40,10,15
60,30,0.2,56
60,30,0.4,54
60,30,0.6,51
60,30,0.8,48
60,30,1,45
60,30,1.2,44
60,30,1.4,41
60,30,1.6,39
60,30,1.8,37
60,30,2,35
60,30,2.2,34
60,30,2.4,32
60,30,2.6,31
60,30,2.8,29
60,30,3,28
60,30,3.2,27
60,30,3.4,26
60,30,3.6,25
60,30,3.8,24
60,30,4,23
60,30,4.2,22
60,30,4.4,22
60,30,4.6,21
60,30,4.8,21
60,30,5,20
60,30,6,17
60,30,7,15
60,30,8,14
60,30,9,12
60,30,10,11
60,20,0.2,56
60,20,0.4,53
60,20,0.6,51
60,20,0.8,47
60,20,1,44
60,20,1.2,42
60,20,1.4,39
60,20,1.6,37
60,20,1.8,35
60,20,2,33
60,20,2.2,31
60,20,2.4,30
60,20,2.6,28
60,20,2.8,27
60,20,3,25
60,20,3.2,23
60,20,3.4,23
60,20,3.6,22
60,20,3.8,21
60,20,4,20
60,20,4.2,19
60,20,4.4,19
60,20,4.6,18
60,20,4.8,18
60,20,5,17
60,20,6,14
60,20,7,12
60,20,8,11
60,20,9,10
60,20,10,9
60,10,0.2,55
60,10,0.4,52
60,10,0.6,50
60,10,0.8,46
60,10,1,43
60,10,1.2,40
60,10,1.4,38
60,10,1.6,35
60,10,1.8,33
60,10,2,31
60,10,2.2,29
60,10,2.4,27
60,10,2.6,26
60,10,2.8,24
60,10,3,23
60,10,3.2,22
60,10,3.4,20
60,10,3.6,19
60,10,3.8,19
60,10,4,18
60,10,4.2,17
60,10,4.4,16
60,10,4.6,16
60,10,4.8,15
60,10,5,14
60,10,6,11
60,10,7,9
60,10,8,8
60,10,9,7
60,10,10,7
60,0,0.2,53
60,0,0.4,50
60,0,0.6,46
60,0,0.8,43
60,0,1,41
60,0,1.2,38
60,0,1.4,36
60,0,1.6,33
60,0,1.8,31
60,0,2,29
60,0,2.2,28
60,0,2.4,26
60,0,2.6,24
60,0,2.8,22
60,0,3,20
60,0,3.2,18
60,0,3.4,17
60,0,3.6,16
60,0,3.8,15
60,0,4,14
60,0,4.2,14
60,0,4.4,13
60,0,4.6,13
60,0,4.8,12
60,0,5,11
60,0,6,7
60,0,7,5
60,0,8,4
60,0,9,3
60,0,10,2
50,90,0.2,50
50,90,0.4,50
50,90,0.6,50
50,90,0.8,50
50,90,1,50
50,90,1.2,50
50,90,1.4,50
50,90,1.6,50
50,90,1.8,50
50,90,2,50
50,90,2.2,50
50,90,2.4,50
50,90,2.6,50
50,90,2.8,50
50,90,3,50
50,90,3.2,50
50,90,3.4,50
50,90,3.6,50
50,90,3.8,50
50,90,4,50
50,90,4.2,50
50,90,4.4,50
50,90,4.6,50
50,90,4.8,50
50,90,5,50
50,90,6,50
50,90,7,49
50,90,8,49
50,90,9,48
50,90,10,47
50,80,0.2,50
50,80,0.4,49
50,80,0.6,48
50,80,0.8,48
50,80,1,48
50,80,1.2,47
50,80,1.4,47
50,80,1.6,47
50,80,1.8,46
50,80,2,46
50,80,2.2,46
50,80,2.4,46
50,80,2.6,46
50,80,2.8,46
50,80,3,45
50,80,3.2,44
50,80,3.4,44
50,80,3.6,44
50,80,3.8,44
50,80,4,44
50,80,4.2,43
50,80,4.4,43
50,80,4.6,43
50,80,4.8,43
50,80,5,42
50,80,6,42
50,80,7,41
50,80,8,40
50,80,9,39
50,80,10,37
50,70,0.2,49
50,70,0.4,48
50,70,0.6,47
50,70,0.8,47
50,70,1,46
50,70,1.2,45
50,70,1.4,45
50,70,1.6,44
50,70,1.8,43
50,70,2,43
50,70,2.2,42
50,70,2.4,42
50,70,2.6,41
50,70,2.8,41
50,70,3,40
50,70,3.2,39
50,70,3.4,39
50,70,3.6,39
50,70,3.8,38
50,70,4,38
50,70,4.2,37
50,70,4.4,37
50,70,4.6,36
50,70,4.8,36
50,70,5,35
50,70,6,34
50,70,7,32
50,70,8,30
50,70,9,29
50,70,10,27
50,60,0.2,49
50,60,0.4,48
50,60,0.6,46
50,60,0.8,45
50,60,1,44
50,60,1.2,43
50,60,1.4,42
50,60,1.6,41
50,60,1.8,40
50,60,2,40
50,60,2.2,38
50,60,2.4,37
50,60,2.6,37
50,60,2.8,36
50,60,3,36
50,60,3.2,35
50,60,3.4,35
50,60,3.6,34
50,60,3.8,34
50,60,4,33
50,60,4.2,32
50,60,4.4,32
50,60,4.6,31
50,60,4.8,31
50,60,5,30
50,60,6,29
50,60,7,27
50,60,8,25
50,60,9,24
50,60,10,22
50,50,0.2,48
50,50,0.4,47
50,50,0.6,45
50,50,0.8,44
50,50,1,43
50,50,1.2,41
50,50,1.4,40
50,50,1.6,39
50,50,1.8,38
50,50,2,37
50,50,2.2,36
50,50,2.4,35
50,50,2.6,34
50,50,2.8,33
50,50,3,32
50,50,3.2,31
50,50,3.4,30
50,50,3.6,29
50,50,3.8,29
50,50,4,28
50,50,4.2,28
50,50,4.4,27
50,50,4.6,26
50,50,4.8,26
50,50,5,25
50,50,6,23
50,50,7,21
50,50,8,19
50,50,9,18
50,50,10,17
50,40,0.2,48
50,40,0.4,46
50,40,0.6,44
50,40,0.8,42
50,40,1,41
50,40,1.2,39
50,40,1.4,38
50,40,1.6,36
50,40,1.8,35
50,40,2,34
50,40,2.2,33
50,40,2.4,31
50,40,2.6,30
50,40,2.8,29
50,40,3,28
50,40,3.2,27
50,40,3.4,26
50,40,3.6,25
50,40,3.8,25
50,40,4,24
50,40,4.2,24
50,40,4.4,23
50,40,4.6,22
50,40,4.8,22
50,40,5,21
50,40,6,19
50,40,7,18
50,40,8,16
50,40,9,15
50,40,10,14
50,30,0.2,47
50,30,0.4,45
50,30,0.6,43
50,30,0.8,40
50,30,1,38
50,30,1.2,36
50,30,1.4,35
50,30,1.6,33
50,30,1.8,31
50,30,2,30
50,30,2.2,29
50,30,2.4,27
50,30,2.6,26
50,30,2.8,25
50,30,3,24
50,30,3.2,23
50,30,3.4,22
50,30,3.6,21
50,30,3.8,21
50,30,4,20
50,30,4.2,20
50,30,4.4,19
50,30,4.6,18
50,30,4.8,18
50,30,5,17
50,30,6,15
50,30,7,14
50,30,8,12
50,30,9,11
50,30,10,10
50,20,0.2,46
50,20,0.4,45
50,20,0.6,42
50,20,0.8,39
50,20,1,37
50,20,1.2,35
50,20,1.4,34
50,20,1.6,32
50,20,1.8,30
50,20,2,28
50,20,2.2,27
50,20,2.4,25
50,20,2.6,23
50,20,2.8,22
50,20,3,21
50,20,3.2,20
50,20,3.4,19
50,20,3.6,18
50,20,3.8,17
50,20,4,17
50,20,4.2,17
50,20,4.4,16
50,20,4.6,15
50,20,4.8,15
50,20,5,14
50,20,6,13
50,20,7,11
50,20,8,10
50,20,9,9
50,20,10,8
50,10,0.2,46
50,10,0.4,44
50,10,0.6,41
50,10,0.8,38
50,10,1,36
50,10,1.2,34
50,10,1.4,32
50,10,1.6,30
50,10,1.8,28
50,10,2,26
50,10,2.2,24
50,10,2.4,23
50,10,2.6,21
50,10,2.8,20
50,10,3,19
50,10,3.2,18
50,10,3.4,17
50,10,3.6,16
50,10,3.8,15
50,10,4,15
50,10,4.2,14
50,10,4.4,13
50,10,4.6,13
50,10,4.8,12
50,10,5,12
50,10,6,10
50,10,7,8
50,10,8,7
50,10,9,7
50,10,10,6
50,0,0.2,44
50,0,0.4,42
50,0,0.6,38
50,0,0.8,36
50,0,1,34
50,0,1.2,29
50,0,1.4,27
50,0,1.6,26
50,0,1.8,25
50,0,2,24
50,0,2.2,22
50,0,2.4,21
50,0,2.6,20
50,0,2.8,19
50,0,3,17
50,0,3.2,16
50,0,3.4,15
50,0,3.6,14
50,0,3.8,13
50,0,4,12
50,0,4.2,12
50,0,4.4,11
50,0,4.6,10
50,0,4.8,9
50,0,5,9
50,0,6,6
50,0,7,5
50,0,8,3
50,0,9,3
50,0,10,2
40,90,0.2,40
40,90,0.4,41
40,90,0.6,41
40,90,0.8,41
40,90,1,42
40,90,1.2,42
40,90,1.4,42
40,90,1.6,42
40,90,1.8,42
40,90,2,42
40,90,2.2,43
40,90,2.4,43
40,90,2.6,43
40,90,2.8,43
40,90,3,43
40,90,3.2,43
40,90,3.4,43
40,90,3.6,44
40,90,3.8,44
40,90,4,44
40,90,4.2,44
40,90,4.4,44
40,90,4.6,44
40,90,4.8,44
40,90,5,45
40,90,6,44
40,90,7,44
40,90,8,44
40,90,9,44
40,90,10,43
40,80,0.2,40
40,80,0.4,40
40,80,0.6,40
40,80,0.8,40
40,80,1,40
40,80,1.2,40
40,80,1.4,39
40,80,1.6,39
40,80,1.8,39
40,80,2,39
40,80,2.2,39
40,80,2.4,39
40,80,2.6,39
40,80,2.8,39
40,80,3,39
40,80,3.2,39
40,80,3.4,39
40,80,3.6,39
40,80,3.8,38
40,80,4,38
40,80,4.2,38
40,80,4.4,38
40,80,4.6,38
40,80,4.8,38
40,80,5,38
40,80,6,37
40,80,7,36
40,80,8,35
40,80,9,35
40,80,10,34
40,70,0.2,39
40,70,0.4,39
40,70,0.6,39
40,70,0.8,38
40,70,1,38
40,70,1.2,38
40,70,1.4,37
40,70,1.6,37
40,70,1.8,36
40,70,2,36
40,70,2.2,36
40,70,2.4,35
40,70,2.6,35
40,70,2.8,35
40,70,3,35
40,70,3.2,35
40,70,3.4,34
40,70,3.6,34
40,70,3.8,33
40,70,4,33
40,70,4.2,33
40,70,4.4,33
40,70,4.6,32
40,70,4.8,32
40,70,5,31
40,70,6,30
40,70,7,29
40,70,8,28
40,70,9,26
40,70,10,25
40,60,0.2,39
40,60,0.4,39
40,60,0.6,38
40,60,0.8,37
40,60,1,37
40,60,1.2,36
40,60,1.4,35
40,60,1.6,35
40,60,1.8,34
40,60,2,34
40,60,2.2,33
40,60,2.4,33
40,60,2.6,32
40,60,2.8,32
40,60,3,31
40,60,3.2,31
40,60,3.4,30
40,60,3.6,30
40,60,3.8,29
40,60,4,29
40,60,4.2,29
40,60,4.4,28
40,60,4.6,28
40,60,4.8,27
40,60,5,27
40,60,6,25
40,60,7,24
40,60,8,23
40,60,9,21
40,60,10,20
40,50,0.2,39
40,50,0.4,38
40,50,0.6,37
40,50,0.8,36
40,50,1,35
40,50,1.2,34
40,50,1.4,33
40,50,1.6,32
40,50,1.8,31
40,50,2,31
40,50,2.2,30
40,50,2.4,29
40,50,2.6,29
40,50,2.8,28
40,50,3,27
40,50,3.2,27
40,50,3.4,26
40,50,3.6,26
40,50,3.8,25
40,50,4,25
40,50,4.2,24
40,50,4.4,24
40,50,4.6,23
40,50,4.8,22
40,50,5,22
40,50,6,20
40,50,7,19
40,50,8,28
40,50,9,16
40,50,10,15
40,40,0.2,38
40,40,0.4,37
40,40,0.6,36
40,40,0.8,35
40,40,1,33
40,40,1.2,32
40,40,1.4,31
40,40,1.6,30
40,40,1.8,29
40,40,2,28
40,40,2.2,27
40,40,2.4,27
40,40,2.6,26
40,40,2.8,25
40,40,3,24
40,40,3.2,23
40,40,3.4,23
40,40,3.6,22
40,40,3.8,22
40,40,4,21
40,40,4.2,21
40,40,4.4,20
40,40,4.6,19
40,40,4.8,19
40,40,5,19
40,40,6,17
40,40,7,16
40,40,8,15
40,40,9,13
40,40,10,12
40,30,0.2,38
40,30,0.4,36
40,30,0.6,34
40,30,0.8,33
40,30,1,32
40,30,1.2,30
40,30,1.4,29
40,30,1.6,27
40,30,1.8,26
40,30,2,25
40,30,2.2,24
40,30,2.4,24
40,30,2.6,23
40,30,2.8,22
40,30,3,21
40,30,3.2,20
40,30,3.4,20
40,30,3.6,19
40,30,3.8,18
40,30,4,18
40,30,4.2,17
40,30,4.4,17
40,30,4.6,16
40,30,4.8,16
40,30,5,15
40,30,6,13
40,30,7,12
40,30,8,11
40,30,9,10
40,30,10,8
40,20,0.2,37
40,20,0.4,35
40,20,0.6,33
40,20,0.8,32
40,20,1,31
40,20,1.2,29
40,20,1.4,27
40,20,1.6,25
40,20,1.8,24
40,20,2,23
40,20,2.2,22
40,20,2.4,21
40,20,2.6,20
40,20,2.8,19
40,20,3,18
40,20,3.2,17
40,20,3.4,17
40,20,3.6,16
40,20,3.8,16
40,20,4,15
40,20,4.2,15
40,20,4.4,14
40,20,4.6,14
40,20,4.8,13
40,20,5,13
40,20,6,11
40,20,7,10
40,20,8,9
40,20,9,8
40,20,10,7
40,10,0.2,36
40,10,0.4,34
40,10,0.6,32
40,10,0.8,21
40,10,1,29
40,10,1.2,27
40,10,1.4,25
40,10,1.6,23
40,10,1.8,22
40,10,2,21
40,10,2.2,19
40,10,2.4,18
40,10,2.6,17
40,10,2.8,16
40,10,3,16
40,10,3.2,15
40,10,3.4,14
40,10,3.6,14
40,10,3.8,13
40,10,4,12
40,10,4.2,12
40,10,4.4,11
40,10,4.6,11
40,10,4.8,10
40,10,5,10
40,10,6,8
40,10,7,7
40,10,8,6
40,10,9,5
40,10,10,5
40,0,0.2,36
40,0,0.4,34
40,0,0.6,31
40,0,0.8,29
40,0,1,27
40,0,1.2,25
40,0,1.4,23
40,0,1.6,22
40,0,1.8,21
40,0,2,19
40,0,2.2,18
40,0,2.4,17
40,0,2.6,15
40,0,2.8,14
40,0,3,13
40,0,3.2,13
40,0,3.4,12
40,0,3.6,11
40,0,3.8,10
40,0,4,10
40,0,4.2,10
40,0,4.4,9
40,0,4.6,8
40,0,4.8,8
40,0,5,7
40,0,6,5
40,0,7,4
40,0,8,3
40,0,9,2
40,0,10,2
30,90,0.2,31
30,90,0.4,31
30,90,0.6,32
30,90,0.8,32
30,90,1,33
30,90,1.2,33
30,90,1.4,34
30,90,1.6,34
30,90,1.8,35
30,90,2,35
30,90,2.2,36
30,90,2.4,36
30,90,2.6,36
30,90,2.8,37
30,90,3,37
30,90,3.2,37
30,90,3.4,37
30,90,3.6,38
30,90,3.8,38
30,90,4,38
30,90,4.2,38
30,90,4.4,39
30,90,4.6,39
30,90,4.8,39
30,90,5,39
30,90,6,39
30,90,7,40
30,90,8,40
30,90,9,40
30,90,10,40
30,80,0.2,31
30,80,0.4,31
30,80,0.6,31
30,80,0.8,31
30,80,1,32
30,80,1.2,32
30,80,1.4,32
30,80,1.6,33
30,80,1.8,33
30,80,2,33
30,80,2.2,32
30,80,2.4,32
30,80,2.6,32
30,80,2.8,33
30,80,3,33
30,80,3.2,33
30,80,3.4,33
30,80,3.6,33
30,80,3.8,33
30,80,4,33
30,80,4.2,33
30,80,4.4,33
30,80,4.6,33
30,80,4.8,33
30,80,5,33
30,80,6,33
30,80,7,33
30,80,8,33
30,80,9,33
30,80,10,32
30,70,0.2,30
30,70,0.4,30
30,70,0.6,30
30,70,0.8,30
30,70,1,30
30,70,1.2,30
30,70,1.4,30
30,70,1.6,29
30,70,1.8,29
30,70,2,29
30,70,2.2,29
30,70,2.4,29
30,70,2.6,29
30,70,2.8,29
30,70,3,29
30,70,3.2,29
30,70,3.4,29
30,70,3.6,29
30,70,3.8,28
30,70,4,28
30,70,4.2,28
30,70,4.4,28
30,70,4.6,28
30,70,4.8,28
30,70,5,28
30,70,6,27
30,70,7,26
30,70,8,26
30,70,9,25
30,70,10,24
30,60,0.2,30
30,60,0.4,30
30,60,0.6,29
30,60,0.8,29
30,60,1,29
30,60,1.2,28
30,60,1.4,28
30,60,1.6,27
30,60,1.8,27
30,60,2,26
30,60,2.2,26
30,60,2.4,26
30,60,2.6,25
30,60,2.8,25
30,60,3,25
30,60,3.2,25
30,60,3.4,25
30,60,3.6,24
30,60,3.8,24
30,60,4,24
30,60,4.2,24
30,60,4.4,24
30,60,4.6,24
30,60,4.8,24
30,60,5,24
30,60,6,23
30,60,7,22
30,60,8,21
30,60,9,20
30,60,10,19
30,50,0.2,29
30,50,0.4,29
30,50,0.6,28
30,50,0.8,28
30,50,1,27
30,50,1.2,27
30,50,1.4,26
30,50,1.6,25
30,50,1.8,25
30,50,2,24
30,50,2.2,24
30,50,2.4,24
30,50,2.6,23
30,50,2.8,23
30,50,3,22
30,50,3.2,22
30,50,3.4,22
30,50,3.6,21
30,50,3.8,21
30,50,4,21
30,50,4.2,20
30,50,4.4,20
30,50,4.6,20
30,50,4.8,20
30,50,5,19
30,50,6,18
30,50,7,17
30,50,8,16
30,50,9,15
30,50,10,14
30,40,0.2,29
30,40,0.4,28
30,40,0.6,27
30,40,0.8,26
30,40,1,25
30,40,1.2,25
30,40,1.4,24
30,40,1.6,23
30,40,1.8,23
30,40,2,22
30,40,2.2,22
30,40,2.4,22
30,40,2.6,21
30,40,2.8,21
30,40,3,20
30,40,3.2,19
30,40,3.4,19
30,40,3.6,18
30,40,3.8,18
30,40,4,18
30,40,4.2,17
30,40,4.4,17
30,40,4.6,17
30,40,4.8,17
30,40,5,16
30,40,6,15
30,40,7,14
30,40,8,13
30,40,9,12
30,40,10,11
30,30,0.2,29
30,30,0.4,28
30,30,0.6,26
30,30,0.8,25
30,30,1,24
30,30,1.2,23
30,30,1.4,22
30,30,1.6,22
30,30,1.8,21
30,30,2,20
30,30,2.2,19
30,30,2.4,19
30,30,2.6,18
30,30,2.8,17
30,30,3,17
30,30,3.2,16
30,30,3.4,16
30,30,3.6,15
30,30,3.8,15
30,30,4,14
30,30,4.2,14
30,30,4.4,14
30,30,4.6,13
30,30,4.8,13
30,30,5,13
30,30,6,11
30,30,7,10
30,30,8,9
30,30,9,9
30,30,10,8
30,20,0.2,28
30,20,0.4,27
30,20,0.6,26
30,20,0.8,25
30,20,1,23
30,20,1.2,22
30,20,1.4,21
30,20,1.6,20
30,20,1.8,19
30,20,2,18
30,20,2.2,17
30,20,2.4,16
30,20,2.6,16
30,20,2.8,15
30,20,3,15
30,20,3.2,14
30,20,3.4,14
30,20,3.6,13
30,20,3.8,13
30,20,4,12
30,20,4.2,12
30,20,4.4,11
30,20,4.6,10
30,20,4.8,10
30,20,5,10
30,20,6,9
30,20,7,8
30,20,8,7
30,20,9,7
30,20,10,6
30,10,0.2,28
30,10,0.4,26
30,10,0.6,25
30,10,0.8,23
30,10,1,22
30,10,1.2,21
30,10,1.4,19
30,10,1.6,18
30,10,1.8,17
30,10,2,16
30,10,2.2,15
30,10,2.4,14
30,10,2.6,14
30,10,2.8,13
30,10,3,12
30,10,3.2,12
30,10,3.4,11
30,10,3.6,10
30,10,3.8,10
30,10,4,9
30,10,4.2,9
30,10,4.4,9
30,10,4.6,8
30,10,4.8,8
30,10,5,8
30,10,6,6
30,10,7,5
30,10,8,4
30,10,9,4
30,10,10,3
30,0,0.2,27
30,0,0.4,25
30,0,0.6,23
30,0,0.8,22
30,0,1,20
30,0,1.2,19
30,0,1.4,18
30,0,1.6,17
30,0,1.8,16
30,0,2,14
30,0,2.2,13
30,0,2.4,12
30,0,2.6,12
30,0,2.8,11
30,0,3,10
30,0,3.2,10
30,0,3.4,9
30,0,3.6,9
30,0,3.8,8
30,0,4,7
30,0,4.2,7
30,0,4.4,6
30,0,4.6,6
30,0,4.8,5
30,0,5,5
30,0,6,4
30,0,7,3
30,0,8,2
30,0,9,2
30,0,10,1
20,90,0.2,21
20,90,0.4,22
20,90,0.6,23
20,90,0.8,24
20,90,1,25
20,90,1.2,25
20,90,1.4,26
20,90,1.6,26
20,90,1.8,27
20,90,2,28
20,90,2.2,28
20,90,2.4,29
20,90,2.6,29
20,90,2.8,30
20,90,3,30
20,90,3.2,31
20,90,3.4,31
20,90,3.6,32
20,90,3.8,32
20,90,4,33
20,90,4.2,33
20,90,4.4,34
20,90,4.6,34
20,90,4.8,35
20,90,5,35
20,90,6,36
20,90,7,36
20,90,8,37
20,90,9,37
20,90,10,37
20,80,0.2,20
20,80,0.4,21
20,80,0.6,21
20,80,0.8,22
20,80,1,23
20,80,1.2,23
20,80,1.4,24
20,80,1.6,24
20,80,1.8,25
20,80,2,25
20,80,2.2,25
20,80,2.4,26
20,80,2.6,26
20,80,2.8,27
20,80,3,27
20,80,3.2,27
20,80,3.4,27
20,80,3.6,28
20,80,3.8,28
20,80,4,28
20,80,4.2,28
20,80,4.4,28
20,80,4.6,29
20,80,4.8,29
20,80,5,29
20,80,6,30
20,80,7,30
20,80,8,30
20,80,9,29
20,80,10,29
20,70,0.2,20
20,70,0.4,20
20,70,0.6,21
20,70,0.8,21
20,70,1,22
20,70,1.2,22
20,70,1.4,22
20,70,1.6,22
20,70,1.8,23
20,70,2,23
20,70,2.2,23
20,70,2.4,23
20,70,2.6,23
20,70,2.8,23
20,70,3,23
20,70,3.2,23
20,70,3.4,23
20,70,3.6,23
20,70,3.8,23
20,70,4,23
20,70,4.2,23
20,70,4.4,24
20,70,4.6,24
20,70,4.8,24
20,70,5,24
20,70,6,24
20,70,7,24
20,70,8,23
20,70,9,23
20,70,10,22
20,60,0.2,20
20,60,0.4,20
20,60,0.6,20
20,60,0.8,20
20,60,1,20
20,60,1.2,20
20,60,1.4,20
20,60,1.6,20
20,60,1.8,20
20,60,2,20
20,60,2.2,20
20,60,2.4,20
20,60,2.6,20
20,60,2.8,20
20,60,3,20
20,60,3.2,20
20,60,3.4,20
20,60,3.6,20
20,60,3.8,20
20,60,4,20
20,60,4.2,20
20,60,4.4,20
20,60,4.6,20
20,60,4.8,20
20,60,5,20
20,60,6,20
20,60,7,20
20,60,8,19
20,60,9,19
20,60,10,18
20,50,0.2,20
20,50,0.4,20
20,50,0.6,19
20,50,0.8,19
20,50,1,19
20,50,1.2,19
20,50,1.4,18
20,50,1.6,18
20,50,1.8,18
20,50,2,18
20,50,2.2,18
20,50,2.4,18
20,50,2.6,18
20,50,2.8,18
20,50,3,17
20,50,3.2,17
20,50,3.4,17
20,50,3.6,17
20,50,3.8,17
20,50,4,17
20,50,4.2,17
20,50,4.4,17
20,50,4.6,17
20,50,4.8,17
20,50,5,16
20,50,6,16
20,50,7,15
20,50,8,15
20,50,9,14
20,50,10,13
20,40,0.2,20
20,40,0.4,19
20,40,0.6,19
20,40,0.8,19
20,40,1,18
20,40,1.2,17
20,40,1.4,17
20,40,1.6,17
20,40,1.8,17
20,40,2,16
20,40,2.2,16
20,40,2.4,16
20,40,2.6,16
20,40,2.8,15
20,40,3,15
20,40,3.2,15
20,40,3.4,15
20,40,3.6,15
20,40,3.8,15
20,40,4,14
20,40,4.2,14
20,40,4.4,14
20,40,4.6,14
20,40,4.8,13
20,40,5,13
20,40,6,13
20,40,7,12
20,40,8,12
20,40,9,11
20,40,10,10
20,30,0.2,19
20,30,0.4,19
20,30,0.6,18
20,30,0.8,18
20,30,1,17
20,30,1.2,17
20,30,1.4,16
20,30,1.6,16
20,30,1.8,15
20,30,2,15
20,30,2.2,14
20,30,2.4,14
20,30,2.6,14
20,30,2.8,13
20,30,3,13
20,30,3.2,12
20,30,3.4,12
20,30,3.6,12
20,30,3.8,12
20,30,4,11
20,30,4.2,11
20,30,4.4,11
20,30,4.6,11
20,30,4.8,10
20,30,5,10
20,30,6,10
20,30,7,9
20,30,8,8
20,30,9,8
20,30,10,7
20,20,0.2,19
20,20,0.4,18
20,20,0.6,18
20,20,0.8,17
20,20,1,16
20,20,1.2,16
20,20,1.4,15
20,20,1.6,15
20,20,1.8,14
20,20,2,13
20,20,2.2,12
20,20,2.4,12
20,20,2.6,11
20,20,2.8,11
20,20,3,11
20,20,3.2,11
20,20,3.4,10
20,20,3.6,10
20,20,3.8,10
20,20,4,9
20,20,4.2,9
20,20,4.4,9
20,20,4.6,9
20,20,4.8,8
20,20,5,8
20,20,6,8
20,20,7,7
20,20,8,6
20,20,9,6
20,20,10,5
20,10,0.2,19
20,10,0.4,18
20,10,0.6,17
20,10,0.8,16
20,10,1,15
20,10,1.2,14
20,10,1.4,13
20,10,1.6,13
20,10,1.8,12
20,10,2,11
20,10,2.2,10
20,10,2.4,10
20,10,2.6,9
20,10,2.8,9
20,10,3,9
20,10,3.2,9
20,10,3.4,8
20,10,3.6,8
20,10,3.8,7
20,10,4,7
20,10,4.2,7
20,10,4.4,7
20,10,4.6,7
20,10,4.8,6
20,10,5,6
20,10,6,5
20,10,7,4
20,10,8,3
20,10,9,3
20,10,10,3
20,0,0.2,17
20,0,0.4,16
20,0,0.6,15
20,0,0.8,14
20,0,1,13
20,0,1.2,12
20,0,1.4,12
20,0,1.6,11
20,0,1.8,10
20,0,2,9
20,0,2.2,9
20,0,2.4,8
20,0,2.6,8
20,0,2.8,7
20,0,3,7
20,0,3.2,6
20,0,3.4,6
20,0,3.6,5
20,0,3.8,5
20,0,4,5
20,0,4.2,4
20,0,4.4,4
20,0,4.6,4
20,0,4.8,4
20,0,5,4
20,0,6,2
20,0,7,2
20,0,8,1
20,0,9,1
20,0,10,1
10,90,0.2,11
10,90,0.4,12
10,90,0.6,13
10,90,0.8,15
10,90,1,16
10,90,1.2,17
10,90,1.4,18
10,90,1.6,19
10,90,1.8,19
10,90,2,20
10,90,2.2,21
10,90,2.4,22
10,90,2.6,23
10,90,2.8,23
10,90,3,24
10,90,3.2,25
10,90,3.4,26
10,90,3.6,26
10,90,3.8,27
10,90,4,27
10,90,4.2,28
10,90,4.4,28
10,90,4.6,29
10,90,4.8,29
10,90,5,30
10,90,6,31
10,90,7,32
10,90,8,33
10,90,9,34
10,90,10,34
10,80,0.2,11
10,80,0.4,11
10,80,0.6,13
10,80,0.8,14
10,80,1,14
10,80,1.2,15
10,80,1.4,16
10,80,1.6,17
10,80,1.8,17
10,80,2,18
10,80,2.2,19
10,80,2.4,19
10,80,2.6,20
10,80,2.8,20
10,80,3,21
10,80,3.2,21
10,80,3.4,22
10,80,3.6,22
10,80,3.8,23
10,80,4,23
10,80,4.2,24
10,80,4.4,24
10,80,4.6,25
10,80,4.8,25
10,80,5,25
10,80,6,26
10,80,7,27
10,80,8,27
10,80,9,28
10,80,10,28
10,70,0.2,11
10,70,0.4,11
10,70,0.6,12
10,70,0.8,13
10,70,1,13
10,70,1.2,14
10,70,1.4,14
10,70,1.6,15
10,70,1.8,15
10,70,2,16
10,70,2.2,16
10,70,2.4,17
10,70,2.6,17
10,70,2.8,18
10,70,3,18
10,70,3.2,18
10,70,3.4,18
10,70,3.6,19
10,70,3.8,19
10,70,4,20
10,70,4.2,20
10,70,4.4,20
10,70,4.6,20
10,70,4.8,20
10,70,5,20
10,70,6,21
10,70,7,21
10,70,8,21
10,70,9,21
10,70,10,21
10,60,0.2,10
10,60,0.4,11
10,60,0.6,11
10,60,0.8,12
10,60,1,12
10,60,1.2,13
10,60,1.4,13
10,60,1.6,14
10,60,1.8,14
10,60,2,14
10,60,2.2,14
10,60,2.4,15
10,60,2.6,15
10,60,2.8,16
10,60,3,16
10,60,3.2,16
10,60,3.4,16
10,60,3.6,16
10,60,3.8,17
10,60,4,17
10,60,4.2,17
10,60,4.4,17
10,60,4.6,17
10,60,4.8,17
10,60,5,17
10,60,6,18
10,60,7,17
10,60,8,17
10,60,9,17
10,60,10,17
10,50,0.2,10
10,50,0.4,11
10,50,0.6,11
10,50,0.8,11
10,50,1,12
10,50,1.2,12
10,50,1.4,12
10,50,1.6,12
10,50,1.8,13
10,50,2,13
10,50,2.2,13
10,50,2.4,13
10,50,2.6,13
10,50,2.8,13
10,50,3,13
10,50,3.2,13
10,50,3.4,13
10,50,3.6,13
10,50,3.8,13
10,50,4,13
10,50,4.2,13
10,50,4.4,13
10,50,4.6,14
10,50,4.8,14
10,50,5,14
10,50,6,14
10,50,7,13
10,50,8,13
10,50,9,13
10,50,10,12
10,40,0.2,10
10,40,0.4,10
10,40,0.6,10
10,40,0.8,10
10,40,1,11
10,40,1.2,11
10,40,1.4,11
10,40,1.6,11
10,40,1.8,11
10,40,2,11
10,40,2.2,11
10,40,2.4,11
10,40,2.6,11
10,40,2.8,11
10,40,3,11
10,40,3.2,11
10,40,3.4,11
10,40,3.6,11
10,40,3.8,11
10,40,4,11
10,40,4.2,11
10,40,4.4,11
10,40,4.6,11
10,40,4.8,11
10,40,5,11
10,40,6,11
10,40,7,11
10,40,8,10
10,40,9,10
10,40,10,10
10,30,0.2,10
10,30,0.4,10
10,30,0.6,10
10,30,0.8,10
10,30,1,10
10,30,1.2,10
10,30,1.4,10
10,30,1.6,9
10,30,1.8,9
10,30,2,9
10,30,2.2,9
10,30,2.4,9
10,30,2.6,9
10,30,2.8,9
10,30,3,9
10,30,3.2,9
10,30,3.4,9
10,30,3.6,9
10,30,3.8,9
10,30,4,9
10,30,4.2,9
10,30,4.4,8
10,30,4.6,8
10,30,4.8,8
10,30,5,8
10,30,6,8
10,30,7,8
10,30,8,7
10,30,9,7
10,30,10,7
10,20,0.2,9
10,20,0.4,9
10,20,0.6,9
10,20,0.8,9
10,20,1,9
10,20,1.2,9
10,20,1.4,9
10,20,1.6,8
10,20,1.8,8
10,20,2,8
10,20,2.2,7
10,20,2.4,7
10,20,2.6,7
10,20,2.8,7
10,20,3,7
10,20,3.2,7
10,20,3.4,7
10,20,3.6,6
10,20,3.8,6
10,20,4,6
10,20,4.2,6
10,20,4.4,6
10,20,4.6,6
10,20,4.8,6
10,20,5,6
10,20,6,6
10,20,7,6
10,20,8,5
10,20,9,5
10,20,10,5
10,10,0.2,9
10,10,0.4,9
10,10,0.6,8
10,10,0.8,8
10,10,1,8
10,10,1.2,7
10,10,1.4,7
10,10,1.6,7
10,10,1.8,6
10,10,2,6
10,10,2.2,6
10,10,2.4,6
10,10,2.6,6
10,10,2.8,5
10,10,3,5
10,10,3.2,5
10,10,3.4,5
10,10,3.6,4
10,10,3.8,4
10,10,4,4
10,10,4.2,4
10,10,4.4,4
10,10,4.6,4
10,10,4.8,4
10,10,5,4
10,10,6,3
10,10,7,3
10,10,8,3
10,10,9,2
10,10,10,2
10,0,0.2,9
10,0,0.4,8
10,0,0.6,8
10,0,0.8,7
10,0,1,7
10,0,1.2,6
10,0,1.4,6
10,0,1.6,6
10,0,1.8,5
10,0,2,5
10,0,2.2,5
10,0,2.4,5
10,0,2.6,4
10,0,2.8,3
10,0,3,3
10,0,3.2,3
10,0,3.4,3
10,0,3.6,3
10,0,3.8,2
10,0,4,2
10,0,4.2,2
10,0,4.4,2
10,0,4.6,2
10,0,4.8,2
10,0,5,2
10,0,6,1
10,0,7,1
10,0,8,1
10,0,9,1
10,0,10,1
0,90,0.2,2
0,90,0.4,4
0,90,0.6,5
0,90,0.8,7
0,90,1,8
0,90,1.2,10
0,90,1.4,11
0,90,1.6,12
0,90,1.8,13
0,90,2,14
0,90,2.2,15
0,90,2.4,16
0,90,2.6,17
0,90,2.8,17
0,90,3,18
0,90,3.2,19
0,90,3.4,20
0,90,3.6,20
0,90,3.8,21
0,90,4,22
0,90,4.2,22
0,90,4.4,23
0,90,4.6,23
0,90,4.8,24
0,90,5,25
0,90,6,27
0,90,7,28
0,90,8,30
0,90,9,31
0,90,10,31
0,80,0.2,2
0,80,0.4,3
0,80,0.6,5
0,80,0.8,6
0,80,1,7
0,80,1.2,8
0,80,1.4,9
0,80,1.6,10
0,80,1.8,11
0,80,2,12
0,80,2.2,13
0,80,2.4,13
0,80,2.6,14
0,80,2.8,15
0,80,3,16
0,80,3.2,16
0,80,3.4,17
0,80,3.6,17
0,80,3.8,18
0,80,4,18
0,80,4.2,19
0,80,4.4,19
0,80,4.6,20
0,80,4.8,20
0,80,5,21
0,80,6,23
0,80,7,24
0,80,8,25
0,80,9,25
0,80,10,25
0,70,0.2,2
0,70,0.4,3
0,70,0.6,4
0,70,0.8,5
0,70,1,6
0,70,1.2,7
0,70,1.4,8
0,70,1.6,9
0,70,1.8,9
0,70,2,10
0,70,2.2,11
0,70,2.4,11
0,70,2.6,12
0,70,2.8,13
0,70,3,13
0,70,3.2,14
0,70,3.4,14
0,70,3.6,15
0,70,3.8,15
0,70,4,15
0,70,4.2,16
0,70,4.4,16
0,70,4.6,17
0,70,4.8,17
0,70,5,17
0,70,6,18
0,70,7,19
0,70,8,20
0,70,9,20
0,70,10,20
0,60,0.2,1
0,60,0.4,2
0,60,0.6,3
0,60,0.8,4
0,60,1,5
0,60,1.2,6
0,60,1.4,7
0,60,1.6,7
0,60,1.8,8
0,60,2,9
0,60,2.2,9
0,60,2.4,9
0,60,2.6,10
0,60,2.8,10
0,60,3,11
0,60,3.2,11
0,60,3.4,12
0,60,3.6,12
0,60,3.8,12
0,60,4,13
0,60,4.2,13
0,60,4.4,13
0,60,4.6,13
0,60,4.8,14
0,60,5,14
0,60,6,15
0,60,7,15
0,60,8,15
0,60,9,15
0,60,10,15
0,50,0.2,1
0,50,0.4,2
0,50,0.6,3
0,50,0.8,4
0,50,1,4
0,50,1.2,5
0,50,1.4,6
0,50,1.6,6
0,50,1.8,7
0,50,2,7
0,50,2.2,7
0,50,2.4,8
0,50,2.6,8
0,50,2.8,8
0,50,3,9
0,50,3.2,9
0,50,3.4,9
0,50,3.6,10
0,50,3.8,10
0,50,4,10
0,50,4.2,10
0,50,4.4,10
0,50,4.6,11
0,50,4.8,11
0,50,5,11
0,50,6,12
0,50,7,12
0,50,8,12
0,50,9,12
0,50,10,12
0,40,0.2,1
0,40,0.4,2
0,40,0.6,2
0,40,0.8,3
0,40,1,3
0,40,1.2,4
0,40,1.4,4
0,40,1.6,5
0,40,1.8,5
0,40,2,5
0,40,2.2,6
0,40,2.4,6
0,40,2.6,6
0,40,2.8,7
0,40,3,7
0,40,3.2,7
0,40,3.4,7
0,40,3.6,8
0,40,3.8,8
0,40,4,8
0,40,4.2,8
0,40,4.4,8
0,40,4.6,8
0,40,4.8,8
0,40,5,8
0,40,6,9
0,40,7,9
0,40,8,9
0,40,9,9
0,40,10,9
0,30,0.2,1
0,30,0.4,1
0,30,0.6,2
0,30,0.8,2
0,30,1,2
0,30,1.2,3
0,30,1.4,3
0,30,1.6,3
0,30,1.8,4
0,30,2,4
0,30,2.2,4
0,30,2.4,4
0,30,2.6,5
0,30,2.8,5
0,30,3,5
0,30,3.2,5
0,30,3.4,5
0,30,3.6,5
0,30,3.8,5
0,30,4,5
0,30,4.2,6
0,30,4.4,6
0,30,4.6,6
0,30,4.8,6
0,30,5,6
0,30,6,6
0,30,7,6
0,30,8,6
0,30,9,6
0,30,10,6
0,20,0.2,0
0,20,0.4,1
0,20,0.6,1
0,20,0.8,2
0,20,1,2
0,20,1.2,2
0,20,1.4,2
0,20,1.6,2
0,20,1.8,3
0,20,2,3
0,20,2.2,3
0,20,2.4,3
0,20,2.6,3
0,20,2.8,3
0,20,3,3
0,20,3.2,3
0,20,3.4,3
0,20,3.6,4
0,20,3.8,4
0,20,4,4
0,20,4.2,4
0,20,4.4,4
0,20,4.6,4
0,20,4.8,4
0,20,5,4
0,20,6,4
0,20,7,4
0,20,8,4
0,20,9,4
0,20,10,4
0,10,0.2,0
0,10,0.4,0
0,10,0.6,1
0,10,0.8,1
0,10,1,1
0,10,1.2,1
0,10,1.4,1
0,10,1.6,1
0,10,1.8,1
0,10,2,1
0,10,2.2,1
0,10,2.4,1
0,10,2.6,2
0,10,2.8,2
0,10,3,2
0,10,3.2,2
0,10,3.4,2
0,10,3.6,2
0,10,3.8,2
0,10,4,2
0,10,4.2,2
0,10,4.4,2
0,10,4.6,2
0,10,4.8,2
0,10,5,2
0,10,6,2
0,10,7,2
0,10,8,2
0,10,9,2
0,10,10,2
0,0,0.2,0
0,0,0.4,0
0,0,0.6,0
0,0,0.8,0
0,0,1,0
0,0,1.2,0
0,0,1.4,0
0,0,1.6,0
0,0,1.8,0
0,0,2,0
0,0,2.2,0
0,0,2.4,0
0,0,2.6,0
0,0,2.8,0
0,0,3,0
0,0,3.2,0
0,0,3.4,0
0,0,3.6,0
0,0,3.8,0
0,0,4,0
0,0,4.2,0
0,0,4.4,0
0,0,4.6,0
0,0,4.8,0
0,0,5,0
0,0,6,0
0,0,7,0
0,0,8,0
0,0,9,0
0,0,10,0
